Category,Number,Percentage
Adopt,16915,3.622715055
Purchase,450000,96.37728494